nodos,ejes,bellman,dijkstra_basico,dijkstra_prioridad 
2, 1,0.012529 ,0.010859 ,0.013321
3, 2,0.020281 ,0.022218 ,0.025999
4, 3,0.032023 ,0.038358 ,0.046761
5, 4,0.055518 ,0.064077 ,0.076503
6, 5,0.082199 ,0.097237 ,0.116578
7, 6,0.053021 ,0.188214 ,0.103311
8, 7,0.081157 ,0.174324 ,0.15067
9, 8,0.149547 ,0.222944 ,0.283731
10, 9,0.192796 ,0.261657 ,0.375358
11, 10,0.188056 ,0.350599 ,0.331763
12, 11,0.210126 ,0.382228 ,0.345002
13, 12,0.307009 ,0.475479 ,0.501678
14, 13,0.491634 ,0.613738 ,0.694582
15, 14,0.326473 ,0.622492 ,0.606635
16, 15,0.484672 ,0.778747 ,0.724641
17, 16,0.497754 ,0.835569 ,0.791995
18, 17,0.515279 ,0.974019 ,0.963812
19, 18,0.541947 ,1.04827 ,0.921446
20, 19,0.882897 ,1.29376 ,1.37794
21, 20,0.79576 ,1.40099 ,1.41896
22, 21,0.62755 ,1.48246 ,1.21204
23, 22,0.560588 ,1.62365 ,1.23161
24, 23,0.700904 ,1.8663 ,1.43126
25, 24,0.703588 ,1.97316 ,1.50183
26, 25,1.72117 ,2.45657 ,2.3683
27, 26,0.916539 ,2.33922 ,1.73163
28, 27,1.24087 ,2.7032 ,2.20316
29, 28,1.17185 ,2.89707 ,2.06205
30, 29,1.1751 ,3.12525 ,2.28345
31, 30,1.05627 ,3.34371 ,2.37675
32, 31,1.99055 ,3.75851 ,3.00775
33, 32,1.11631 ,3.74274 ,2.45598
34, 33,2.11972 ,4.42158 ,3.63078
35, 34,2.5412 ,4.73398 ,3.87675
36, 35,2.94363 ,5.10722 ,4.20791
37, 36,1.20979 ,4.93948 ,2.92148
38, 37,2.34836 ,5.66366 ,4.25818
39, 38,3.06317 ,5.98115 ,4.61323
40, 39,3.90726 ,6.76732 ,5.32089
41, 40,4.04215 ,7.08407 ,5.2811
42, 41,3.37528 ,7.33892 ,5.46919
43, 42,3.02463 ,7.5379 ,5.31329
44, 43,3.51376 ,7.95982 ,5.7788
45, 44,5.64415 ,8.93236 ,7.11343
46, 45,5.10973 ,9.32317 ,6.85
47, 46,3.01044 ,9.15829 ,5.527
48, 47,5.19672 ,10.6254 ,8.11567
49, 48,5.84022 ,10.922 ,8.19533
50, 49,5.54942 ,11.6532 ,8.73428
51, 50,4.13038 ,11.64 ,7.65085
52, 51,8.07019 ,13.1977 ,10.4309
53, 52,6.80426 ,13.4425 ,9.6626
54, 53,7.90172 ,14.2448 ,10.469
55, 54,2.97681 ,13.1188 ,6.8415
56, 55,7.78995 ,15.2679 ,10.9084
57, 56,9.22029 ,16.234 ,11.6271
58, 57,4.02442 ,15.4549 ,8.24107
59, 58,7.82888 ,16.8392 ,11.0326
60, 59,6.86914 ,17.546 ,10.4562
61, 60,6.13865 ,18.1456 ,10.8707
62, 61,7.47567 ,19.3625 ,11.3256
63, 62,13.1047 ,21.2683 ,15.3872
64, 63,11.3771 ,21.9327 ,15.3616
65, 64,6.63291 ,21.4815 ,12.8531
66, 65,7.88295 ,22.6059 ,13.2949
67, 66,18.1646 ,25.2318 ,17.8578
68, 67,7.92088 ,24.1369 ,13.2856
69, 68,6.21368 ,23.8692 ,11.1023
70, 69,9.08312 ,26.1724 ,14.5991
71, 70,15.7506 ,28.449 ,18.3931
72, 71,6.60004 ,27.3545 ,13.3733
73, 72,11.8101 ,29.5965 ,18.1363
74, 73,19.536 ,31.3964 ,19.8175
75, 74,10.9575 ,31.7339 ,17.8798
76, 75,6.66394 ,31.1843 ,14.067
77, 76,6.98095 ,32.0409 ,14.5097
78, 77,8.65862 ,33.273 ,15.5841
79, 78,19.3292 ,37.0422 ,22.9348
80, 79,13.7553 ,37.7057 ,22.2234
81, 80,22.938 ,40.2702 ,25.4039
82, 81,9.51637 ,38.488 ,17.4228
83, 82,5.9046 ,38.0581 ,14.9088
84, 83,20.1751 ,41.9684 ,22.2706
85, 84,9.70259 ,41.5666 ,18.7262
86, 85,15.741 ,45.6353 ,24.728
87, 86,18.094 ,47.2196 ,26.5198
88, 87,21.5757 ,49.3165 ,28.7465
89, 88,19.991 ,50.1836 ,28.3918
90, 89,16.808 ,51.0811 ,27.4269
91, 90,24.4447 ,53.3997 ,30.9134
92, 91,20.5686 ,53.5207 ,28.0857
93, 92,41.6178 ,57.1816 ,33.0657
94, 93,22.5666 ,57.4049 ,30.5224
95, 94,32.3859 ,60.6286 ,35.8489
96, 95,14.1636 ,58.4438 ,25.1839
97, 96,17.3005 ,60.0227 ,25.8885
98, 97,28.248 ,65.5536 ,35.83
99, 98,13.1311 ,62.5107 ,24.2337
100, 99,20.4186 ,66.4871 ,31.6168
101, 100,11.98 ,65.9447 ,25.1619
102, 101,19.7829 ,68.5187 ,28.1654
103, 102,20.7274 ,71.9392 ,33.5303
104, 103,12.5174 ,69.6274 ,25.8096
105, 104,19.5465 ,74.7684 ,32.9183
106, 105,40.5385 ,80.5471 ,43.5824
107, 106,11.5464 ,75.3504 ,26.33
108, 107,20.301 ,80.3436 ,34.7984
109, 108,31.7649 ,84.0488 ,38.3804
110, 109,35.4064 ,87.0105 ,42.7109
111, 110,32.3059 ,89.8501 ,45.1754
112, 111,22.9968 ,90.0782 ,40.6951
113, 112,38.8079 ,95.8122 ,49.9553
114, 113,38.8037 ,97.4968 ,50.3051
115, 114,41.7796 ,99.0069 ,48.8663
116, 115,20.5679 ,96.3848 ,35.795
117, 116,30.051 ,102.841 ,47.7433
118, 117,20.6587 ,100.558 ,38.847
119, 118,48.0703 ,109.935 ,54.9621
120, 119,25.5798 ,107.962 ,45.3513
121, 120,22.2986 ,108.313 ,40.4408
122, 121,57.7575 ,117.844 ,60.4574
123, 122,55.217 ,119.04 ,56.1532
124, 123,47.5744 ,122.708 ,60.9049
125, 124,27.3537 ,119.862 ,47.7008
126, 125,38.4308 ,126.978 ,58.0027
127, 126,15.1484 ,121.496 ,36.8504
128, 127,29.2863 ,127.726 ,50.4194
129, 128,35.5778 ,131.673 ,52.4986
130, 129,36.0999 ,135.679 ,57.8925
131, 130,64.3998 ,139.636 ,63.1127
132, 131,28.0969 ,136.228 ,49.5378
133, 132,20.8125 ,136.185 ,43.3717
134, 133,45.8521 ,147.991 ,67.0266
135, 134,35.9753 ,146.319 ,53.7357
136, 135,42.4439 ,152.794 ,61.5269
137, 136,41.4476 ,155.854 ,60.5271
138, 137,55.8138 ,162.639 ,71.4589
139, 138,42.1425 ,162.592 ,65.435
140, 139,32.6436 ,161.117 ,54.6438
141, 140,69.2021 ,171.807 ,75.1926
142, 141,81.3841 ,177.977 ,80.3373
143, 142,62.8493 ,177.996 ,76.1865
144, 143,18.5879 ,167.463 ,45.6061
145, 144,23.9369 ,175.16 ,52.0115
146, 145,25.253 ,177.704 ,52.6811
147, 146,66.139 ,193.483 ,83.3724
148, 147,32.4387 ,187.815 ,58.8769
149, 148,59.5043 ,196.99 ,77.0295
150, 149,91.3438 ,206.055 ,87.6064
151, 150,30.1813 ,195.095 ,58.1736
152, 151,81.8274 ,210.247 ,87.9794
153, 152,40.3864 ,207.521 ,68.3495
154, 153,75.2528 ,218.566 ,88.9806
155, 154,97.9524 ,225.424 ,99.4717
156, 155,85.9927 ,227.637 ,97.1537
157, 156,52.6409 ,226.406 ,84.9513
158, 157,47.3426 ,227.363 ,76.7175
159, 158,68.9313 ,236.335 ,89.0614
160, 159,79.8899 ,242.578 ,98.4274
161, 160,73.3765 ,244.646 ,91.7506
162, 161,34.1231 ,238.566 ,68.6544
163, 162,96.9847 ,256.698 ,105.926
164, 163,50.4775 ,248.687 ,75.8566
165, 164,76.0548 ,261.55 ,97.754
166, 165,94.4722 ,267.957 ,106.259
167, 166,115.082 ,275.491 ,112.505
168, 167,58.5317 ,272.576 ,93.0809
169, 168,89.7377 ,284.05 ,107.309
170, 169,82.3702 ,280.543 ,98.722
171, 170,68.8394 ,286.92 ,100.462
172, 171,114.712 ,299.199 ,120.04
173, 172,44.7981 ,287.247 ,80.8828
174, 173,103.366 ,306.488 ,117.115
175, 174,49.2053 ,298.87 ,92.3337
176, 175,86.5494 ,313.124 ,111.162
177, 176,98.9882 ,318.027 ,116.286
178, 177,86.6654 ,322.289 ,110.744
179, 178,67.7734 ,322.392 ,102.198
180, 179,110.955 ,338.856 ,130.167
181, 180,105.107 ,339.031 ,121.19
182, 181,84.3136 ,336.948 ,104.628
183, 182,114.069 ,346.838 ,118.319
184, 183,70.1445 ,348.872 ,111.002
185, 184,132.809 ,356.237 ,119.242
186, 185,83.4638 ,362.186 ,121.143
187, 186,104.06 ,371.389 ,132.822
188, 187,93.3054 ,372.406 ,117.475
189, 188,58.1976 ,370.761 ,99.8879
190, 189,102.161 ,389.179 ,134.307
191, 190,74.5259 ,391.403 ,127.945
192, 191,61.1151 ,383.243 ,104.249
193, 192,82.3538 ,396.773 ,118.028
194, 193,67.9246 ,396.636 ,106.779
195, 194,135.388 ,423.373 ,153.72
196, 195,76.5598 ,415.884 ,120.762
197, 196,105.569 ,427.159 ,139.366
198, 197,121.181 ,434.923 ,145.876
199, 198,125.608 ,441.988 ,146.597
200, 199,127.183 ,452.259 ,162.898
201, 200,121.822 ,452.695 ,146.068
202, 201,133.954 ,464.661 ,162.445
203, 202,152.091 ,465.102 ,150.065
204, 203,128.069 ,471.507 ,154.783
205, 204,93.3138 ,475.483 ,144.933
206, 205,189.756 ,495.282 ,176.629
207, 206,96.3163 ,481.687 ,131.86
208, 207,56.0712 ,475.297 ,101.883
209, 208,85.4676 ,487.012 ,122.705
210, 209,55.5014 ,487.647 ,106.431
211, 210,153.638 ,521.472 ,168.732
212, 211,143.167 ,529.001 ,172.508
213, 212,156.03 ,539.34 ,179.241
214, 213,127.013 ,530.871 ,153.088
215, 214,153.119 ,553.026 ,181.679
216, 215,116.61 ,545.041 ,155.764
217, 216,84.7968 ,547.174 ,138.435
218, 217,131.163 ,564.902 ,167.347
219, 218,124.55 ,574.342 ,177.053
220, 219,95.5887 ,572.647 ,158.284
221, 220,212.254 ,591.721 ,183.778
222, 221,70.9021 ,574.781 ,130.044
223, 222,94.2917 ,592.449 ,152.03
224, 223,171.532 ,617.77 ,193.113
225, 224,62.9517 ,592.48 ,126.029
226, 225,125.523 ,620.859 ,166.843
227, 226,150.589 ,644.15 ,202.552
228, 227,151.362 ,644.723 ,194.829
229, 228,134.885 ,640.468 ,168.524
230, 229,122.287 ,650.631 ,165.951
231, 230,186.369 ,678.128 ,213.452
232, 231,185.623 ,666.719 ,182.973
233, 232,67.7256 ,654.868 ,133.972
234, 233,116.35 ,686.412 ,186.491
235, 234,103.893 ,679.215 ,152.917
236, 235,130.133 ,706.295 ,198.769
237, 236,141.678 ,715.644 ,197.605
238, 237,125.129 ,719.764 ,187.631
239, 238,218.329 ,742.591 ,233.786
240, 239,165.5 ,734.737 ,192.955
241, 240,187.583 ,752.476 ,209.882
242, 241,171.205 ,746.493 ,185.161
243, 242,81.6276 ,744.028 ,159.771
244, 243,156.278 ,782.097 ,222.418
245, 244,202.401 ,788.007 ,218.271
246, 245,172.916 ,793.979 ,208.397
247, 246,209.531 ,819.223 ,249.427
248, 247,103.448 ,792.907 ,179.005
249, 248,115.339 ,800.918 ,170.25
250, 249,157.948 ,840.005 ,227.54
251, 250,104.674 ,824.593 ,179.18
252, 251,155.674 ,837.729 ,200.423
253, 252,225.115 ,876.716 ,261.685
254, 253,166.824 ,868.948 ,228.594
255, 254,164.741 ,868.993 ,205.633
256, 255,269.57 ,900.694 ,263.842
257, 256,221.304 ,909.522 ,261.083
258, 257,253.578 ,909.918 ,241.822
259, 258,270.188 ,922.119 ,246.351
260, 259,139.419 ,919.198 ,220.929
261, 260,190.139 ,946.826 ,261.72
262, 261,118.246 ,929.439 ,204.919
263, 262,126.597 ,922.893 ,185.856
264, 263,147.531 ,962.454 ,226.753
265, 264,178.027 ,975.312 ,243.902
266, 265,213.407 ,1007.51 ,285.486
267, 266,191.966 ,993.98 ,235.795
268, 267,202.718 ,1010.64 ,270.962
269, 268,211.972 ,1021.8 ,247.618
270, 269,246.811 ,1050.44 ,296.947
271, 270,368.881 ,1043.63 ,265.011
272, 271,121.33 ,1021.33 ,193.481
273, 272,223.722 ,1064.54 ,265.801
274, 273,214.127 ,1080.06 ,275.722
275, 274,350.79 ,1105.46 ,309.842
276, 275,299.656 ,1113.01 ,298.086
277, 276,316.762 ,1125.12 ,298.894
278, 277,146.617 ,1110.98 ,239.188
279, 278,162.039 ,1114.19 ,241.453
280, 279,253.613 ,1136.39 ,252.722
281, 280,175.618 ,1151.96 ,267.783
282, 281,266.576 ,1169.91 ,296.142
283, 282,220.776 ,1188.68 ,298.272
284, 283,427.547 ,1220.29 ,342.078
285, 284,275.548 ,1215.4 ,318.594
286, 285,376.806 ,1232.8 ,337.665
287, 286,257.038 ,1214.18 ,278.985
288, 287,289.655 ,1253.16 ,322.776
289, 288,219.601 ,1239.04 ,274.368
290, 289,221.91 ,1269.31 ,299.469
291, 290,440.989 ,1297.5 ,337.421
292, 291,180.62 ,1266.58 ,257.395
293, 292,266.323 ,1315.72 ,329.49
294, 293,339.973 ,1323.82 ,330.63
295, 294,202.137 ,1298.75 ,256.974
296, 295,498.603 ,1371.02 ,361.391
297, 296,224.282 ,1335.32 ,286.497
298, 297,271.947 ,1380.31 ,339.819
299, 298,482.628 ,1402.75 ,364.864
300, 299,269.113 ,1388.71 ,314.532
301, 300,159.294 ,1377.29 ,259.146
302, 301,287.933 ,1424.48 ,327.673
303, 302,348.16 ,1455.91 ,359.078
304, 303,182.67 ,1436.15 ,297.404
305, 304,214.712 ,1448.49 ,312.288
306, 305,327.897 ,1496.18 ,375.448
307, 306,293.517 ,1510.43 ,382.413
308, 307,150.551 ,1479.31 ,270.821
309, 308,267.366 ,1494.42 ,300.941
310, 309,263.838 ,1542.31 ,353.399
311, 310,230.304 ,1512.21 ,288.906
312, 311,158.35 ,1534.1 ,275.881
313, 312,324.04 ,1546.07 ,310.308
314, 313,220.413 ,1576.32 ,326.705
315, 314,407.126 ,1614.46 ,377.974
316, 315,418.337 ,1640.09 ,406.59
317, 316,326.175 ,1613.66 ,334.681
318, 317,240.241 ,1628.58 ,296.735
319, 318,328.372 ,1647.65 ,330.325
320, 319,419.144 ,1694.21 ,408.347
321, 320,304.337 ,1667.95 ,333.601
322, 321,163.344 ,1658.51 ,284.154
323, 322,143.843 ,1672.66 ,278.13
324, 323,176.633 ,1713.6 ,288.777
325, 324,464.063 ,1783.54 ,443.383
326, 325,467.48 ,1790.78 ,428.621
327, 326,240.037 ,1765.63 ,331.753
328, 327,327.03 ,1811.39 ,410.83
329, 328,453.212 ,1831.26 ,422.383
330, 329,156.889 ,1748.82 ,265.427
331, 330,211.354 ,1820.88 ,316.285
332, 331,513.23 ,1900.35 ,474.599
333, 332,212.738 ,1839.87 ,312.742
334, 333,354.608 ,1891.12 ,401.749
335, 334,232.257 ,1886.31 ,343.508
336, 335,398.259 ,1953.08 ,443.053
337, 336,394.797 ,1974.25 ,461.495
338, 337,283.07 ,1964.17 ,419.164
339, 338,183.658 ,1957.36 ,328.895
340, 339,540.054 ,2026.91 ,485.264
341, 340,205.052 ,1980.7 ,330.526
342, 341,321.737 ,2023.22 ,409.372
343, 342,554.908 ,2064.21 ,457.717
344, 343,203.21 ,2030.46 ,337.029
345, 344,283.589 ,2086.04 ,428.861
346, 345,294.848 ,2103.75 ,409.52
347, 346,458.749 ,2117.21 ,446.199
348, 347,366.012 ,2138.86 ,463.805
349, 348,609.812 ,2191.39 ,514.964
350, 349,444.918 ,2169.37 ,446.403
351, 350,657.519 ,2223.66 ,512.559
352, 351,205.11 ,2172.58 ,361.78
353, 352,577.947 ,2266.98 ,528.728
354, 353,370.597 ,2212.71 ,410.724
355, 354,261.344 ,2224.12 ,374.124
356, 355,267.669 ,2239.23 ,380.865
357, 356,495.098 ,2291.74 ,466.754
358, 357,574.174 ,2347.9 ,530.73
359, 358,418.661 ,2347.44 ,499.874
360, 359,397.368 ,2320.81 ,420.309
361, 360,520.266 ,2385.74 ,510.157
362, 361,245.166 ,2353.97 ,378.917
363, 362,427.425 ,2400.41 ,459.518
364, 363,446.738 ,2452.04 ,497.478
365, 364,503.412 ,2467.51 ,522.066
366, 365,620.492 ,2469.76 ,508.258
367, 366,353.461 ,2480.32 ,485.079
368, 367,263.39 ,2443.14 ,381.728
369, 368,422.028 ,2499.15 ,474.024
370, 369,616.634 ,2595.81 ,580.7
371, 370,422.692 ,2532.01 ,454.782
372, 371,713.866 ,2615.25 ,570.866
373, 372,642.241 ,2626.6 ,553.72
374, 373,797.116 ,2678.13 ,604.576
375, 374,404.686 ,2622.36 ,467.516
376, 375,456.35 ,2645.39 ,483.37
377, 376,663.04 ,2713.26 ,582.869
378, 377,189.719 ,2615.3 ,363.541
379, 378,229.58 ,2648.65 ,385.863
380, 379,550.371 ,2783.82 ,599.171
381, 380,935.859 ,2815.37 ,627.316
382, 381,467.613 ,2764.05 ,490.055
383, 382,394.271 ,2786.43 ,492.002
384, 383,306.228 ,2796.3 ,422.978
385, 384,391.818 ,2832.53 ,507.153
386, 385,826.72 ,2930.89 ,619.335
387, 386,327.421 ,2838.26 ,461.565
388, 387,564.246 ,2899.17 ,533.339
389, 388,390.302 ,2919.64 ,524.651
390, 389,591.965 ,2999.84 ,626.644
391, 390,298.218 ,2959.88 ,447.896
392, 391,400.939 ,2979.56 ,534.622
393, 392,549.144 ,3068.79 ,602.373
394, 393,271.769 ,2973.02 ,441.744
395, 394,682.882 ,3129.18 ,643.521
396, 395,444.781 ,3062.3 ,518.318
397, 396,522.463 ,3124.04 ,583.148
398, 397,319.86 ,3100.37 ,486.393
399, 398,398.009 ,3137.67 ,533.737
400, 399,417.739 ,3176.31 ,570.623
401, 400,245.473 ,3160.8 ,446.437
402, 401,665.5 ,3278.18 ,688.157
403, 402,688.386 ,3290.83 ,664.945
404, 403,410.852 ,3294.41 ,593.83
405, 404,358.712 ,3274.66 ,553.509
406, 405,175.182 ,3195.03 ,394.268
407, 406,454.327 ,3332.75 ,504.368
408, 407,607.295 ,3364.9 ,587.941
409, 408,257.208 ,3306.77 ,471.083
410, 409,242.146 ,3267.73 ,407.823
411, 410,151.31 ,3224.36 ,370.115
412, 411,847.155 ,3511.19 ,664.176
413, 412,644.607 ,3528.38 ,697.354
414, 413,526.763 ,3540.96 ,663.807
415, 414,335.856 ,3466.71 ,496.317
416, 415,726.469 ,3579.57 ,604.128
417, 416,885.328 ,3646.87 ,731.174
418, 417,577.043 ,3631.01 ,678.218
419, 418,731.683 ,3764.98 ,759.586
420, 419,678.454 ,3722.48 ,705.428
421, 420,357.026 ,3687.43 ,546.482
422, 421,593.3 ,3759.54 ,619.868
423, 422,356.659 ,3693.95 ,549.099
424, 423,224.942 ,3583.55 ,425.466
425, 424,594.468 ,3773.86 ,644.898
426, 425,487.712 ,3797.37 ,608.186
427, 426,603.575 ,3795.35 ,596.702
428, 427,259.457 ,3721.57 ,461.332
429, 428,869.897 ,3916.82 ,718.25
430, 429,415.476 ,3851.68 ,572.55
431, 430,500.319 ,3977.31 ,720.741
432, 431,1060.58 ,4030.82 ,788.805
433, 432,952.41 ,4051.06 ,773.694
434, 433,450.895 ,4020.3 ,660.17
435, 434,922.605 ,4121.87 ,805.115
436, 435,898.643 ,4128.88 ,782.872
437, 436,734.918 ,4113.18 ,695.119
438, 437,784.764 ,4174.86 ,764.455
439, 438,673.356 ,4190.69 ,769.967
440, 439,687.376 ,4255.17 ,818.123
441, 440,263.71 ,4081.3 ,494.899
442, 441,491.41 ,4220.87 ,660.891
443, 442,381.147 ,4219.91 ,572.233
444, 443,427.325 ,4247.53 ,578.718
445, 444,571.685 ,4405.31 ,795.679
446, 445,1271.87 ,4424.66 ,846.946
447, 446,376.561 ,4302.3 ,576.78
448, 447,976.936 ,4507.62 ,877.256
449, 448,468.047 ,4439.98 ,706.065
450, 449,1045.36 ,4555.79 ,883.537
451, 450,607.855 ,4436.97 ,664.236
452, 451,925.842 ,4601.2 ,865.744
453, 452,436.627 ,4458.18 ,628.328
454, 453,612.091 ,4582.31 ,724.738
455, 454,794.02 ,4701.04 ,866.093
456, 455,1172.76 ,4727.98 ,896.875
457, 456,946.43 ,4759.89 ,881.697
458, 457,567.049 ,4694.95 ,753.518
459, 458,568.448 ,4742.88 ,732.777
460, 459,1093.13 ,4857.91 ,930.833
461, 460,421.38 ,4754.78 ,645.961
462, 461,351.363 ,4727.85 ,576.379
463, 462,623.976 ,4930.95 ,754.745
464, 463,1379.98 ,4974.38 ,926.838
465, 464,1120.4 ,4995.81 ,910.708
466, 465,843.243 ,5010.68 ,877.97
467, 466,744.066 ,4926.04 ,746.716
468, 467,776.015 ,5078.43 ,893.553
469, 468,583.9 ,5030.37 ,784.561
470, 469,563.745 ,5016.15 ,704.368
471, 470,889.395 ,5141.47 ,869.028
472, 471,398.444 ,5066.59 ,655.994
473, 472,251.242 ,4946.49 ,542.684
474, 473,1233.07 ,5205.75 ,857.913
475, 474,680.868 ,5167.58 ,747.538
476, 475,245.894 ,4894.79 ,516.824
477, 476,573.88 ,5071 ,709.27
478, 477,340.053 ,5041.88 ,580.796
479, 478,645.868 ,5298.41 ,885.087
480, 479,468.006 ,5127.13 ,625.979
481, 480,910.485 ,5368.59 ,965.504
482, 481,1167.28 ,5402.31 ,981.243
483, 482,834.653 ,5331.65 ,852.622
484, 483,1235.01 ,5463.55 ,991.118
485, 484,480.394 ,5354.72 ,707.955
486, 485,775.005 ,5416.62 ,803.159
487, 486,732.082 ,5405.36 ,719.363
488, 487,817.318 ,5590.03 ,980.274
489, 488,720.087 ,5627.65 ,961.147
490, 489,483.782 ,5507.05 ,703.817
491, 490,866.822 ,5615.06 ,916.558
492, 491,775.365 ,5613 ,830.798
493, 492,605.87 ,5594.77 ,731.358
494, 493,916.408 ,5757.67 ,950.351
495, 494,1499.54 ,5777.03 ,957.442
496, 495,863.671 ,5763.65 ,866.75
497, 496,1491.39 ,5909.91 ,1056.98
498, 497,871.815 ,5859.57 ,939.59
499, 498,1251.94 ,5972.27 ,1052.12
500, 499,1295.71 ,5948.07 ,924.657
501, 500,773.462 ,5864.81 ,783.8
502, 501,767.504 ,6082.12 ,963.777
503, 502,869.74 ,6186.09 ,922.255
504, 503,712.133 ,6166.9 ,828.489
505, 504,250.055 ,5968.75 ,599.675
506, 505,1894.02 ,6384.24 ,1082.25
507, 506,955.547 ,6428.99 ,1107.31
508, 507,1256.89 ,6483.4 ,1120.54
509, 508,939.643 ,6493.79 ,1072.66
510, 509,903 ,6448.73 ,962.957
511, 510,480.088 ,6373.62 ,748.981
512, 511,1203.29 ,6588.2 ,1054.94
513, 512,1513.15 ,6630.95 ,1107.85
514, 513,1149.91 ,6604.72 ,1016.11
515, 514,1358.92 ,6688.06 ,1093.21
516, 515,979.37 ,6758.74 ,1099.72
517, 516,422.446 ,6643.24 ,774.533
518, 517,1484.22 ,6742.49 ,1007.55
519, 518,1051.26 ,6774.87 ,1020.51
520, 519,745.438 ,6801.24 ,1000.16
521, 520,636.21 ,6700.25 ,850.186
522, 521,1531.88 ,6942.02 ,1095.46
523, 522,466.801 ,6760.77 ,749.571
524, 523,944.513 ,6882.03 ,913.98
525, 524,645.504 ,6887.78 ,876.873
526, 525,823.051 ,6930.75 ,883.682
527, 526,1150.19 ,7142.88 ,1139
528, 527,409.298 ,6995.35 ,774.049
529, 528,1141.49 ,7221.35 ,1117.26
530, 529,558.677 ,7193.7 ,825.408
531, 530,352.676 ,7002.48 ,708.484
532, 531,968.613 ,7235.54 ,1034.75
533, 532,1437.98 ,7428.68 ,1245.78
534, 533,1046.49 ,7297.88 ,986.539
535, 534,747.584 ,7331.08 ,978.013
536, 535,859.929 ,7428.42 ,934.541
537, 536,1377 ,7532.54 ,1169.61
538, 537,832.622 ,7497.2 ,1016.4
539, 538,550.65 ,7405.55 ,837.339
540, 539,635.597 ,7556.44 ,928.694
541, 540,989.624 ,7669.06 ,1073.53
542, 541,788.743 ,7664.06 ,1054.91
543, 542,705.858 ,7598.14 ,872.828
544, 543,930.78 ,7678.93 ,985.678
545, 544,1187.66 ,7851.13 ,1171.62
546, 545,1285.36 ,7952.08 ,1205.66
547, 546,725.711 ,7835.52 ,940.198
548, 547,968.519 ,7883.62 ,1030.16
549, 548,813.425 ,7891.92 ,1005.83
550, 549,743.309 ,7979.44 ,1064.44
551, 550,860.764 ,7894.98 ,930.651
552, 551,831.721 ,8049.86 ,1042.79
553, 552,1261.16 ,8150.79 ,1162.72
554, 553,1226.08 ,8307.04 ,1320.34
555, 554,1359.43 ,8285.9 ,1250.83
556, 555,912.084 ,8235.32 ,1095.07
557, 556,459.272 ,8128.04 ,813.578
558, 557,797.323 ,8319.28 ,1074.05
559, 558,2043.65 ,8469.23 ,1269.87
560, 559,1863.35 ,8585.59 ,1352.56
561, 560,1721.4 ,8622.17 ,1380.13
562, 561,885.052 ,8504.68 ,991.834
563, 562,1505.31 ,8637.17 ,1283.61
564, 563,489.487 ,8397.62 ,843.742
565, 564,997.662 ,8764.57 ,1329.89
566, 565,1138.67 ,8633.83 ,1086.31
567, 566,564.834 ,8589.48 ,884.645
568, 567,1073.87 ,8773.44 ,1173.4
569, 568,414.082 ,8594.69 ,817.533
570, 569,1517.68 ,8928.69 ,1286.27
571, 570,1039.53 ,8911.43 ,1163.51
572, 571,2008.88 ,9125.17 ,1428.54
573, 572,1481.29 ,9109.24 ,1350.39
574, 573,1100.41 ,8981.14 ,1072.76
575, 574,1471.22 ,9271.79 ,1429
576, 575,703.212 ,9007.34 ,978.675
577, 576,875.783 ,9093.64 ,1071.32
578, 577,703.491 ,9085.87 ,963.251
579, 578,1890.15 ,9437.55 ,1419.97
580, 579,1492.82 ,9426.59 ,1309.74
581, 580,849.865 ,9283.52 ,1095.05
582, 581,1143.48 ,9477.9 ,1302.06
583, 582,1279.72 ,9644.26 ,1451.68
584, 583,1364.49 ,9696.35 ,1449.59
585, 584,1144.9 ,9758.55 ,1464.12
586, 585,2086.44 ,9837.02 ,1494.27
587, 586,809.029 ,9577.04 ,1045.33
588, 587,1832.53 ,9886.69 ,1478.46
589, 588,2000.92 ,9967.92 ,1522.63
590, 589,1326.77 ,9916.62 ,1404.95
591, 590,1927.11 ,10035.6 ,1520.15
592, 591,1582.64 ,10061.3 ,1438.02
593, 592,1440.91 ,10111.5 ,1483.84
594, 593,1636.97 ,10141.6 ,1461.76
595, 594,1914.45 ,10219.7 ,1487.96
596, 595,1161.59 ,10099.2 ,1257.35
597, 596,1400.66 ,10185.1 ,1334.14
598, 597,952.69 ,10159.4 ,1183.31
599, 598,1383.86 ,10424.9 ,1536.44
600, 599,1296.31 ,10232 ,1207.74
601, 600,1613.3 ,10460.9 ,1464.87
602, 601,1901.15 ,10613.2 ,1583.39
603, 602,2158.96 ,10611.4 ,1526.84
604, 603,528.68 ,10308.5 ,1034.6
605, 604,1631.18 ,10739.5 ,1579.41
606, 605,1789.11 ,10816.4 ,1605.08
607, 606,931.496 ,10571 ,1220.5
608, 607,1178.12 ,10719.5 ,1340.52
609, 608,2241.36 ,10929.4 ,1605.97
610, 609,2093.65 ,11023.6 ,1638.98
611, 610,1183.95 ,10989.3 ,1425.44
612, 611,2541.02 ,11105.1 ,1606.7
613, 612,3180.97 ,11197.1 ,1690.45
614, 613,2148.4 ,11152 ,1542.47
615, 614,2078.21 ,11270.3 ,1644.4
616, 615,997.325 ,11132.3 ,1157.01
617, 616,1918.16 ,11401 ,1704.59
618, 617,1099.26 ,11260.2 ,1402.41
619, 618,1513.56 ,11351.6 ,1491.08
620, 619,1810.77 ,11391 ,1513.94
621, 620,1844.37 ,11526.5 ,1553.34
622, 621,1973.39 ,11575.1 ,1569.96
623, 622,1878.2 ,11668.6 ,1622.24
624, 623,1941.05 ,11735.9 ,1650.76
625, 624,2124.66 ,11788 ,1663.85
626, 625,2130.64 ,11876.3 ,1707.41
627, 626,1715.79 ,11822.8 ,1591.68
628, 627,2301.77 ,11924.7 ,1635.42
629, 628,1720.76 ,12049.9 ,1710.31
630, 629,1110.96 ,11806.7 ,1334.45
631, 630,1680.88 ,12145.9 ,1653.97
632, 631,2251.57 ,12048.5 ,1548.17
633, 632,1975.08 ,12281.2 ,1761.7
634, 633,578.919 ,11840.5 ,1068.91
635, 634,1576.53 ,12332.5 ,1701.89
636, 635,1583.79 ,12316.3 ,1615.43
637, 636,590.842 ,11969.9 ,1056.5
638, 637,1852.05 ,12337 ,1476.7
639, 638,1115.01 ,12240.5 ,1286.52
640, 639,610.712 ,12234.9 ,1110.26
641, 640,1762.43 ,12572.3 ,1562.05
642, 641,572.971 ,12070.9 ,1020.2
643, 642,1402.15 ,12789.6 ,1692.19
644, 643,1464.14 ,12744.3 ,1572.99
645, 644,4070.39 ,12980.8 ,1843.7
646, 645,637.678 ,12583.4 ,1132.36
647, 646,2205.93 ,13103.1 ,1882.6
648, 647,1511.92 ,13092.4 ,1734.98
649, 648,2272.78 ,13210.1 ,1815.48
650, 649,1350.55 ,12914.6 ,1310.94
651, 650,1652.12 ,13185.4 ,1636.39
652, 651,1851.47 ,13264.4 ,1711.07
653, 652,2002.28 ,13321.5 ,1715.4
654, 653,648.02 ,12813.6 ,1095.84
655, 654,1896.7 ,13572.3 ,1897.1
656, 655,1559.62 ,13524.4 ,1745.93
657, 656,1156.18 ,13276.4 ,1333.07
658, 657,1678.88 ,13648 ,1808.85
659, 658,1842.16 ,13762 ,1842.04
660, 659,2050.86 ,13867.7 ,1887.27
661, 660,2183.84 ,13850.4 ,1837.56
662, 661,2111.87 ,13990.2 ,1939.15
663, 662,1866.61 ,13944.7 ,1817.68
664, 663,1330.3 ,13595.4 ,1355.25
665, 664,1188.2 ,13890.5 ,1561.54
666, 665,1860.49 ,14004 ,1686.96
667, 666,2943.92 ,14320.6 ,1968.89
668, 667,1335.91 ,14052.6 ,1425.25
669, 668,1683.99 ,14197 ,1685.07
670, 669,1941.83 ,14439.8 ,1907.09
671, 670,1931.1 ,14338.8 ,1723.16
672, 671,1362.49 ,14821.3 ,1820.21
673, 672,2305.95 ,14679.4 ,1976.95
674, 673,1539.34 ,14441 ,1536.75
675, 674,2134.47 ,14836.2 ,2020.85
676, 675,2151.55 ,14873.3 ,2008.21
677, 676,1872.34 ,14781.8 ,1823.37
678, 677,1764.42 ,14640.2 ,1505.23
679, 678,2209.35 ,14963 ,1924.09
680, 679,1887.07 ,15035 ,1865.64
681, 680,514.674 ,14336 ,1121.05
682, 681,665.985 ,14515.1 ,1190.44
683, 682,2050.87 ,15126 ,1821.16
684, 683,2526.1 ,15214.8 ,1805.74
685, 684,1590.77 ,15159.3 ,1656.7
686, 685,2121.23 ,15524.5 ,2040.96
687, 686,2776.56 ,15472.6 ,1928.46
688, 687,2410.15 ,15571.7 ,1973.15
689, 688,702.801 ,15022.1 ,1252.36
690, 689,1531.68 ,15664.6 ,1893
691, 690,1393.37 ,15360.7 ,1483.05
692, 691,1546.32 ,15493.6 ,1516.93
693, 692,3349.62 ,15953 ,2100.04
694, 693,1616.36 ,15543.6 ,1572.48
695, 694,1860.41 ,15924.7 ,1858.75
696, 695,3460.17 ,16214.2 ,2120.57
697, 696,2670.15 ,16191 ,2023.56
698, 697,2116.26 ,16040.3 ,1787.52
699, 698,1643.62 ,16201.3 ,1810.28
700, 699,1518.36 ,16253 ,1771.07
701, 700,1276.74 ,16226.6 ,1512.73
702, 701,1613.62 ,16469.9 ,2020.93
703, 702,946.591 ,15992.1 ,1356.51
704, 703,1452.92 ,16399.8 ,1511.99
705, 704,3024.83 ,16741.2 ,2089.56
706, 705,1639.03 ,16672.2 ,1956.8
707, 706,918.659 ,16409.9 ,1436.02
708, 707,2857.9 ,16970.2 ,2155.8
709, 708,726.453 ,16339.6 ,1308.66
710, 709,1937.66 ,17040.5 ,2071.47
711, 710,3284.63 ,17247.8 ,2238.13
712, 711,1811.45 ,17207.2 ,1947.69
713, 712,2804.37 ,17342.9 ,2180.69
714, 713,1436.82 ,16993.6 ,1673.04
715, 714,448.216 ,16303.7 ,1155.75
716, 715,2228.3 ,17414.1 ,2031.22
717, 716,2635.48 ,17632.1 ,2218.17
718, 717,2223.44 ,17440.5 ,1902.31
719, 718,2812.47 ,17812.1 ,2292.83
720, 719,2091.91 ,17641.9 ,2005.06
721, 720,2601.88 ,17827 ,2126.6
722, 721,1325.89 ,17599.2 ,1750.42
723, 722,2662.91 ,17865.3 ,2039.62
724, 723,956.876 ,17385.4 ,1419.25
725, 724,3210.77 ,18201.4 ,2271.33
726, 725,2494.7 ,18326 ,2338.38
727, 726,2386.8 ,18147.4 ,2073.34
728, 727,1863.43 ,17926.2 ,1754.48
729, 728,2085.21 ,18509.5 ,2221.82
730, 729,1735.97 ,18110.8 ,1755.46
731, 730,1583.52 ,18317.1 ,1772.88
732, 731,2409.6 ,18731.2 ,2278.52
733, 732,1397.08 ,18513.1 ,1842.5
734, 733,1864.13 ,18556.9 ,1962.72
735, 734,1315.67 ,18490.8 ,1552.99
736, 735,1390.66 ,18695.1 ,1694.46
737, 736,2678.94 ,18917.2 ,2135.1
738, 737,990.049 ,18400.6 ,1460.18
739, 738,1297.12 ,18777.1 ,1761.3
740, 739,1878.38 ,18829.8 ,1748.03
741, 740,1370.58 ,19028 ,1637.21
742, 741,2564.11 ,19438.8 ,2357.22
743, 742,3679 ,19709.1 ,2429.52
744, 743,3884.8 ,19698.5 ,2475.17
745, 744,3418.84 ,19727.1 ,2434.1
746, 745,4191.26 ,19764.7 ,2409.04
747, 746,1311.93 ,19495.7 ,1926.35
748, 747,2847.98 ,19773 ,2143.58
749, 748,2516.02 ,20090.3 ,2416.98
750, 749,2789.52 ,19953.3 ,2227.44
751, 750,2800.35 ,20193.3 ,2457.34
752, 751,3077.49 ,20330.7 ,2511.84
753, 752,842.345 ,19832 ,1594.87
754, 753,1872.53 ,20114 ,1990.05
755, 754,977.099 ,19875.4 ,1647.97
756, 755,3434.2 ,20612.8 ,2537.79
757, 756,3473.1 ,20794.6 ,2521.12
758, 757,1617.38 ,20540.8 ,2163.05
759, 758,1969.23 ,20476.2 ,2016.41
760, 759,2357.35 ,20668.3 ,2221.25
761, 760,1120.98 ,20477.2 ,1687.23
762, 761,2541.69 ,21062 ,2515.22
763, 762,2013.08 ,20583.9 ,1950.34
764, 763,2874.61 ,21264.4 ,2506.83
765, 764,1705.84 ,20933.8 ,1912.27
766, 765,2479.25 ,21732.5 ,2500.88
767, 766,1561.02 ,20884.3 ,1893.83
768, 767,2998.1 ,21538.1 ,2549.24
769, 768,3045.93 ,21708.6 ,2643.53
770, 769,3405.96 ,21834.9 ,2614.87
771, 770,1821.6 ,21547.6 ,2218.44
772, 771,3149.7 ,21955.3 ,2626.27
773, 772,2492.02 ,21802 ,2343.2
774, 773,2382.56 ,21643.9 ,2047.57
775, 774,1282.07 ,21797.9 ,1800.45
776, 775,1123.7 ,21322.5 ,1629.73
777, 776,3226.44 ,22141.3 ,2428.51
778, 777,1253.58 ,21777.8 ,1698.1
779, 778,1809.15 ,22064.4 ,2042.26
780, 779,2857.77 ,22401.9 ,2418.28
781, 780,943.342 ,21580.6 ,1561.52
782, 781,1354.08 ,22179.2 ,1964.39
783, 782,1546.35 ,22336.7 ,2121.1
784, 783,3713 ,22836.1 ,2610.95
785, 784,4054.63 ,23039 ,2743.56
786, 785,2444.45 ,22933 ,2549.88
787, 786,3884.72 ,23058.8 ,2564.48
788, 787,4656.05 ,23296.6 ,2768.75
789, 788,2111.96 ,23267.2 ,2570.17
790, 789,3860.82 ,23512.7 ,2821.09
791, 790,3636 ,23523 ,2742.21
792, 791,3461.88 ,23619 ,2763.48
793, 792,1888.88 ,23328 ,2079.37
794, 793,4714.61 ,23699.7 ,2690.8
795, 794,2807.03 ,23577.7 ,2455.37
796, 795,1272.54 ,23252.7 ,1809.18
797, 796,1004.53 ,23326.5 ,1741.75
798, 797,3896.23 ,24175.4 ,2827.37
799, 798,4145.81 ,24355 ,2821.03
800, 799,4023.17 ,24296.6 ,2822.97
801, 800,3096.02 ,24164.3 ,2560.22
802, 801,2081.45 ,23961.4 ,2182.57
803, 802,3116.04 ,24377.3 ,2596.92
804, 803,4967.83 ,24684.1 ,2820.38
805, 804,3981.59 ,24698.3 ,2741.46
806, 805,5525.97 ,24924.9 ,2905.44
807, 806,1593.32 ,24530 ,2270.12
808, 807,1899.68 ,24437.7 ,2134.96
809, 808,728.921 ,23456.8 ,1543.92
810, 809,3952.93 ,25166.5 ,2772.42
811, 810,2492.87 ,24811.9 ,2251.4
812, 811,2310.86 ,24908 ,2270.87
813, 812,1108.37 ,24709.9 ,1874.22
814, 813,1751.61 ,25312.3 ,2229.37
815, 814,2746.34 ,25573.1 ,2733.75
816, 815,1811.4 ,25281 ,2237.12
817, 816,896.851 ,24336.3 ,1624.29
818, 817,2645.33 ,25341.4 ,2087.7
819, 818,3044.12 ,25984.3 ,2885.74
820, 819,2247.5 ,25700.7 ,2352.52
821, 820,1554.9 ,25627.2 ,2249.62
822, 821,3166.82 ,26211.2 ,2804.32
823, 822,1660.94 ,25997.3 ,2210.83
824, 823,1804.69 ,25746.1 ,2018.72
825, 824,4636.88 ,26668.3 ,3038.13
826, 825,3052.75 ,27226.3 ,2888.95
827, 826,2102.12 ,26108.1 ,2255.98
828, 827,5167.22 ,26836.2 ,2938.02
829, 828,3466.44 ,26962.6 ,2849.64
830, 829,1567.99 ,26143.9 ,1916.98
831, 830,3147.09 ,27278.4 ,3061.89
832, 831,2775.26 ,27218.7 ,2905.8
833, 832,4395.6 ,27505.6 ,3128.93
834, 833,1756.21 ,26809.5 ,2282.54
835, 834,2706.41 ,27188.7 ,2656.75
836, 835,1223.32 ,26929.4 ,2023.87
837, 836,2866.78 ,27116.2 ,2333.09
838, 837,4812.95 ,27928.6 ,3077.22
839, 838,3183.31 ,27761.2 ,2810.78
840, 839,4534.25 ,28103.1 ,3201.94
841, 840,3845.65 ,28188.5 ,3177.66
842, 841,4813.54 ,28370.6 ,3174.01
843, 842,2628.35 ,28023.5 ,2741.78
844, 843,2637.38 ,28142.6 ,2680.18
845, 844,3427.85 ,28300.7 ,2846.04
846, 845,4161.19 ,28788.4 ,3239.36
847, 846,1690.6 ,28686.6 ,2302.53
848, 847,3329.87 ,28685.6 ,3026.23
849, 848,1453.09 ,27945.3 ,2053.04
850, 849,2119.9 ,28683.7 ,2246.22
851, 850,2534.38 ,28375.7 ,2306.54
852, 851,2181.67 ,28736.5 ,2562.62
853, 852,1560.02 ,28291 ,2117.12
854, 853,5945.97 ,29693.1 ,3278.67
855, 854,4077.81 ,29624.2 ,3261.88
856, 855,4841.06 ,29674.1 ,3276.74
857, 856,3449.91 ,29795.9 ,3185.06
858, 857,3380.01 ,29723.6 ,3122.29
859, 858,3552.46 ,29615.9 ,2873.24
860, 859,1318.78 ,28956.3 ,2009.23
861, 860,1588.69 ,29443.4 ,2302.31
862, 861,3819.8 ,29722.9 ,2696.06
863, 862,4221.44 ,30433.6 ,3286.66
864, 863,4491.83 ,30104.8 ,2890.99
865, 864,3343.73 ,30309.9 ,2863.78
866, 865,2025.86 ,30199.8 ,2465.4
867, 866,3453.29 ,30719.3 ,3267.75
868, 867,4104.33 ,31004.9 ,3374.11
869, 868,2073.52 ,30589.2 ,2543.44
870, 869,2828.9 ,30776.1 ,2913.55
871, 870,3049.18 ,30460.9 ,2602.53
872, 871,3966.57 ,31582.7 ,3273.3
873, 872,3249.65 ,30910.5 ,2585.82
874, 873,4963.88 ,31186.8 ,2996.08
875, 874,2666.21 ,31191.2 ,2740.66
876, 875,4667.76 ,31716.5 ,3402.06
877, 876,3217.39 ,31575.7 ,2879.83
878, 877,2404.05 ,31323.3 ,2732.62
879, 878,3395.77 ,31576.8 ,2847.48
880, 879,4423.16 ,32261.4 ,3482.61
881, 880,1837.58 ,31716.9 ,2450
882, 881,2348.14 ,31796.1 ,2707.97
883, 882,3076.3 ,32288.7 ,3212.01
884, 883,1356.69 ,31219.8 ,2063.31
885, 884,3308.5 ,32488.7 ,3035.96
886, 885,3316.2 ,32794.3 ,3353.65
887, 886,4348.44 ,32951.2 ,3480.31
888, 887,1761.83 ,32022.4 ,2504.42
889, 888,4260.19 ,32786.8 ,3092.23
890, 889,3585.62 ,32863.6 ,3098.01
891, 890,4571.03 ,33096.9 ,3277.44
892, 891,4192.49 ,33550.4 ,3402.37
893, 892,3754.9 ,33486.9 ,3378.34
894, 893,1804.22 ,32529.3 ,2244.29
895, 894,2937.78 ,33812.1 ,3465.62
896, 895,4118.88 ,33998.4 ,3575.78
897, 896,4662.79 ,34067.7 ,3564.26
898, 897,5810.7 ,33781.9 ,3192.33
899, 898,3122.67 ,33943.3 ,3157.14
900, 899,4603.96 ,34228.3 ,3395.27
901, 900,5932.29 ,34840.8 ,3712.94
902, 901,2481.67 ,34171 ,2497.06
903, 902,3601.54 ,34024.4 ,2815.89
904, 903,3032.18 ,34613.9 ,3339.25
905, 904,3250.12 ,34218.8 ,2707.85
906, 905,4769.81 ,34972.9 ,3535.14
907, 906,3202.43 ,34501.3 ,2804.84
908, 907,2838.2 ,34871.8 ,3182.28
909, 908,4629.79 ,35438.6 ,3655.8
910, 909,5981.35 ,35619 ,3667.19
911, 910,1737.07 ,34903.5 ,2452.93
912, 911,2039.5 ,35250.7 ,2718.44
913, 912,898.319 ,34271.1 ,2070.79
914, 913,5179.61 ,35943.1 ,3679.31
915, 914,4069.4 ,35599.7 ,3214.8
916, 915,3644.14 ,36332 ,3763.68
917, 916,1459.91 ,35531.2 ,2395.08
918, 917,2091.89 ,35489.7 ,2793.7
919, 918,4890.05 ,36658.7 ,3763.31
920, 919,2326.48 ,35913.4 ,2971.01
921, 920,2341.89 ,35727.5 ,2426.23
922, 921,5511.26 ,37023 ,3867.52
923, 922,2485.59 ,36156.6 ,2660.97
924, 923,2314.43 ,36097.5 ,2704.99
925, 924,5232.51 ,37162.7 ,3651.43
926, 925,2586.13 ,36423.1 ,2761.52
927, 926,5062 ,37525 ,3774.2
928, 927,2931.26 ,37002.5 ,3013.95
929, 928,4960.74 ,37745 ,3847.15
930, 929,2713.38 ,37250.4 ,3018.72
931, 930,1451.1 ,37193.4 ,2533.26
932, 931,2323.4 ,37559.5 ,2776.77
933, 932,4530.1 ,37989.8 ,3621.29
934, 933,3798.66 ,37738.9 ,3284.88
935, 934,3343.51 ,38037.2 ,3335.95
936, 935,5312.67 ,38588.2 ,3830.77
937, 936,1769.43 ,37623.2 ,2635.82
938, 937,2469.34 ,38516.8 ,2735.07
939, 938,2569.38 ,38330.1 ,3108.41
940, 939,7278.72 ,38965.3 ,3801.76
941, 940,3895.53 ,39275.7 ,3914.41
942, 941,3097.85 ,38726.4 ,3264.44
943, 942,1543.27 ,38193.1 ,2467.89
944, 943,4898.7 ,39369.8 ,3776.3
945, 944,2354.46 ,38604.5 ,2734.23
946, 945,4782.31 ,39992.1 ,3944.4
947, 946,6177.64 ,39738.5 ,3712.66
948, 947,3920.28 ,39835.3 ,3781.66
949, 948,3021.49 ,39541.2 ,3077.35
950, 949,4410.7 ,39694.3 ,3254.59
951, 950,2344.17 ,40162.4 ,2888.08
952, 951,2799.8 ,40035 ,3428.94
953, 952,3566.79 ,40466.5 ,3695.86
954, 953,4423.79 ,40550.9 ,3762
955, 954,3795.95 ,40824.5 ,3871.9
956, 955,3379.83 ,40582.4 ,3528.1
957, 956,3111.15 ,40692 ,3388.35
958, 957,3906.25 ,40504.5 ,3095.6
959, 958,5358.62 ,41451.1 ,4074.3
960, 959,2093.3 ,40660.9 ,2707.14
961, 960,5485 ,41845.1 ,4222.21
962, 961,2805.24 ,41220.8 ,3255.2
963, 962,4458.11 ,42003.6 ,4163.11
964, 963,3280.88 ,41641.5 ,3624.4
965, 964,4867.28 ,42230.7 ,4112.8
966, 965,5311.72 ,42110.7 ,3972.64
967, 966,2671.13 ,41668.9 ,2897.62
968, 967,5494.79 ,42643.1 ,4264.15
969, 968,4061.75 ,42295.8 ,3744.22
970, 969,2563.64 ,42159.1 ,3117.45
971, 970,2288.96 ,42666.8 ,3010.58
972, 971,5090.6 ,43106.1 ,4051.12
973, 972,2932.95 ,42605.1 ,3447.31
974, 973,3104.05 ,42176.8 ,2852.84
975, 974,4458.1 ,42924 ,3584.01
976, 975,5129.13 ,43404.3 ,3901.02
977, 976,4740.15 ,43746.8 ,4085.95
978, 977,6432.54 ,43896 ,4190.61
979, 978,2686.79 ,43316.3 ,3089.98
980, 979,1865.6 ,43359.4 ,2867.69
981, 980,5527.7 ,44358.2 ,4308.43
982, 981,5721.45 ,44283.7 ,4195.91
983, 982,4390.84 ,44098.5 ,3814.87
984, 983,5923.83 ,44600.8 ,4222.69
985, 984,3039.25 ,44115.9 ,3214.08
986, 985,4143.49 ,44494.4 ,3626.56
987, 986,3096.19 ,44380.5 ,3418.11
988, 987,6996.26 ,45225 ,4282.44
989, 988,3601.87 ,44750.4 ,3634.63
990, 989,4280.32 ,45101.5 ,3936.72
991, 990,4784.21 ,44913.9 ,3549.23
992, 991,3982.67 ,45623.5 ,4112.95
993, 992,3041.05 ,45072.1 ,3565.27
994, 993,2103.87 ,45559.7 ,3055.38
995, 994,2248.68 ,45608.7 ,3060.94
996, 995,2470.84 ,45289 ,3342.67
997, 996,6614.05 ,46502 ,4453.41
998, 997,3535.66 ,46023.5 ,3504.15
999, 998,3573.96 ,45952.8 ,3297.43
1000, 999,6640.67 ,46827.8 ,4246.22
